{"mean":{"confidence_interval":{"confidence_level":0.95,"lower_bound":67511.02407695407,"upper_bound":69664.06292369931},"point_estimate":68540.08510245217,"standard_error":549.7060789437472},"median":{"confidence_interval":{"confidence_level":0.95,"lower_bound":65885.3038277512,"upper_bound":68086.34982638889},"point_estimate":67434.10498046875,"standard_error":592.012154740678},"median_abs_dev":{"confidence_interval":{"confidence_level":0.95,"lower_bound":3056.5199353676635,"upper_bound":5391.843318326493},"point_estimate":4467.944256786084,"standard_error":611.294958918217},"slope":{"confidence_interval":{"confidence_level":0.95,"lower_bound":69047.52975436838,"upper_bound":71621.7817242009},"point_estimate":70269.57357137579,"standard_error":656.5211837938309},"std_dev":{"confidence_interval":{"confidence_level":0.95,"lower_bound":4258.82016950129,"upper_bound":6655.508861487363},"point_estimate":5527.716137653707,"standard_error":614.2213738071495}}